date,local_time_sec
20180308,1520503211.0
20180308,1520508297.9
20180310,1520667503.0
20180310,1520695953.9
20180312,1520830239.0
20180312,1520853574.9
20180317,1521248953.0
20180317,1521279915.9
20180319,1521418740.0
20180319,1521447831.9
20180320,1521503296.0
20180320,1521527818.9
20180322,1521690491.0
20180322,1521711090.9
20180324,1521853232.0
20180324,1521885147.9
20180326,1522023869.0
20180326,1522056367.9
20180328,1522194792.0
20180328,1522225955.9
20180330,1522368184.0
20180330,1522401958.9
20180403,1522715125.0
20180403,1522736736.9
20180404,1522801635.0
20180404,1522833886.9
20180407,1523062950.0
20180407,1523090529.9
20180409,1523253641.0
20180409,1523285043.9
